Measure,Early.Phase.1,N.A,Phase.1,Phase.1.Phase.2,Phase.2,Phase.2.Phase.3,Phase.3,Phase.4
Min.,9,4,5,5,5,12,1,10
1st Qu.,10,49,27,24.5,50,120,230,84.5
Median,50,100,40,47.5,112,320,450,185
Mean,57.61538461538461,5748.855555555556,58.108108108108105,380.1,234.7173913043478,982.6909090909091,931.953488372093,410.1818181818182
3rd Qu.,100,342.75,90,187.5,210,524.5,1032,600.5
Max.,150,506517,168,7600,10000,15000,10078,2014
