Measure,Early.Phase.1,N.A,Phase.1,Phase.1.Phase.2,Phase.2,Phase.2.Phase.3,Phase.3,Phase.4
Min.,3,2,5,1,1,5,1,10
1st Qu.,10,49,24,30,48.5,120,165,60
Median,50,118,40,66,100,300,500,150
Mean,72.25,3768.9265367316343,71.49579831932773,243.34513274336283,234.59251101321587,1662.0992366412213,2588.4592592592594,1418.7173913043478
3rd Qu.,95.5,360,70,170,200,608,1302,525
Max.,280,506517,974,6900,10000,43998,45000,80000
