Measure,Early.Phase.1,N.A,Phase.1,Phase.1.Phase.2,Phase.2,Phase.2.Phase.3,Phase.3,Phase.4
Min.,10,4,5,5,5,12,10,11
1st Qu.,10,40,20,20,60,108,240,87
Median,40,100,40,50,129,294.5,500,201
Mean,57,3330.1772151898736,54.88,401.8,196.2112676056338,800.5526315789474,1083.3932584269662,467.0882352941176
3rd Qu.,90,300,60,171,247.5,500,1220,576.5
Max.,150,394578,210,7600,2000,12000,10078,2414
