Measure,Early.Phase.1,N.A,Phase.1,Phase.1.Phase.2,Phase.2,Phase.2.Phase.3,Phase.3,Phase.4
Min.,3,2,5,1,1,5,1,10
1st Qu.,10,48.75,24,30,49.5,120,171,55.5
Median,60,107,40.5,72,100,300,479.5,145
Mean,73.65217391304348,3987.37012987013,70.30701754385964,261.33009708737865,235.1697247706422,1364.68,2744.9848484848485,1569.841463414634
3rd Qu.,97,330.75,69.5,200,200,573,1324.75,638.75
Max.,280,506517,974,6900,10000,36500,60000,80000
