Measure,Early.Phase.1,N.A,Phase.1,Phase.1.Phase.2,Phase.2,Phase.2.Phase.3,Phase.3,Phase.4
Min.,9,4,5,5,5,12,1,10
1st Qu.,10,49,23.25,30,51.5,120,225,81.5
Median,55,120,46.5,50,100,285,500,219
Mean,56.4375,4860.748110831234,85.765625,251.37333333333333,224.86075949367088,1085.6022727272727,1805.6685393258426,820.6451612903226
3rd Qu.,95.5,346,100,190,200,500,1180,687.75
Max.,150,506517,940,2970,10000,29481,45000,16500
