Measure,Early.Phase.1,N.A,Not.Applicable,Phase.1,Phase.1.Phase.2,Phase.2,Phase.2.Phase.3,Phase.3,Phase.4
Min.,3,1,6,1,1,1,3,1,1
1st Qu.,20,48.75,120.5,24,33,48,120,147.5,60
Median,36,111,200,40,86,100,330,410,160
Mean,100,27310.828373015873,1103.2,68.22282608695652,301.86092715231786,234.7841483979764,1664.3296089385474,3912.519230769231,2161.896551724138
3rd Qu.,100,350,766,72,217,200,717,1120.25,615
Max.,1000,20000000,5000,974,6900,10000,45000,500000,121000
