Measure,Early.Phase.1,N.A,Phase.1,Phase.1.Phase.2,Phase.2,Phase.2.Phase.3,Phase.3,Phase.4
Min.,9,2,5,5,5,5,1,10
1st Qu.,10,42.5,23.25,30,52,111,200,68
Median,55,115,46.5,60,100,300,450,200
Mean,63.15,4302.565789473684,77.2375,243.2962962962963,219.42209631728045,1162.6060606060605,2034.045,572.2388059701492
3rd Qu.,95.5,333.25,90,210,200,477,1071.5,628
Max.,250,506517,940,2970,10000,43998,60000,5200
