Measure,Early.Phase.1,N.A,Phase.1,Phase.1.Phase.2,Phase.2,Phase.2.Phase.3,Phase.3,Phase.4
Min.,10,4,5,9,10,12,10,10
1st Qu.,10,40,20,20,50,80,216,42.5
Median,60,152,47.5,50,120,130,500,95
Mean,106.25,847.030303030303,57.625,150.7826086956522,208.85714285714286,430.02564102564105,1730.9310344827586,297.56666666666666
3rd Qu.,125,400,70.5,95,273.75,431,1400,277
Max.,400,22000,210,1112,1450,4000,55000,2414
