Measure,Early.Phase.1,N.A,Phase.1,Phase.1.Phase.2,Phase.2,Phase.2.Phase.3,Phase.3,Phase.4
Min.,9,4,5,5,5,12,1,10
1st Qu.,10,50,30,28,50,120,240,78
Median,55,120,50,50,100,242.5,500,200
Mean,56.4375,5152.451612903225,77.1864406779661,244.38805970149255,225.96969696969697,1118.4285714285713,1444.6011904761904,806.7796610169491
3rd Qu.,95.5,347,100,170,200,500,1114.75,628
Max.,150,506517,420,2970,10000,29481,45000,16500
