Measure,Early.Phase.1,N.A,Phase.1,Phase.1.Phase.2,Phase.2,Phase.2.Phase.3,Phase.3,Phase.4
Min.,9,2,5,1,1,5,1,10
1st Qu.,12.5,48.75,24,30,49.5,120,186,60
Median,55,116,41,60,100,320,451,160
Mean,69.86363636363636,4399.689285714286,73.23809523809524,247.68421052631578,221.12259615384616,1434.3565217391304,2543.9626556016597,1540.7948717948718
3rd Qu.,98.5,330.75,70,205,200,524.5,1309,604.25
Max.,250,506517,974,2970,10000,43998,60000,80000
