Measure,Early.Phase.1,N.A,Phase.1,Phase.1.Phase.2,Phase.2,Phase.2.Phase.3,Phase.3,Phase.4
Min.,9,4,5,5,5,12,1,10
1st Qu.,10,50,24,30,51,120,230,79
Median,55,118.5,42.5,55,100,256.5,500,204
Mean,56.4375,5001.8828125,72.54838709677419,262.07142857142856,227.1023102310231,1101.3139534883721,1809.9942857142858,826.6666666666666
3rd Qu.,95.5,346,97.5,195,200,500,1160,663.25
Max.,150,506517,420,2970,10000,29481,45000,16500
