Measure,Early.Phase.1,Not.Applicable,Phase.1,Phase.1.Phase.2,Phase.2,Phase.2.Phase.3,Phase.3,Phase.4
Min.,3,1,1,1,1,3,1,1
1st Qu.,20,49,23.25,36,45.5,120,146,60
Median,30,106,40,86,100,310,420,198
Mean,98.37837837837837,24375.432848588538,64.92233009708738,270.01129943502826,234.9471228615863,1754.712765957447,3827.8719806763283,2120.2721893491125
3rd Qu.,100,340,70,210,200,703,1215,602
Max.,1000,20000000,974,5394,10000,45000,500000,121000
