Measure,Early.Phase.1,N.A,Phase.1,Phase.1.Phase.2,Phase.2,Phase.2.Phase.3,Phase.3,Phase.4
Min.,10,4,5,9,5,12,10,10
1st Qu.,10,48,20,20,55,80,200,40
Median,90,150,42.5,47.5,127,129,440,100
Mean,105.55555555555556,750.3870967741935,54.111111111111114,138.15384615384616,222.65891472868216,413.7857142857143,1620.8144329896907,311.72727272727275
3rd Qu.,100,400,63,90,273,419.5,1300,208
Max.,400,22000,210,1112,2300,4000,55000,2414
