Measure,Early.Phase.1,N.A,Phase.1,Phase.1.Phase.2,Phase.2,Phase.2.Phase.3,Phase.3,Phase.4
Min.,3,1,1,1,1,3,1,1
1st Qu.,20,49.75,22.5,39.5,48,120,146,60
Median,33,108,40,89,100,315,432,170
Mean,97.88888888888889,24284.09363957597,65,268.3313953488372,234.17192429022083,1761.5978260869565,3820.4888337468983,1945.9151515151516
3rd Qu.,100,342.5,68.5,227.25,200,714.5,1200,576
Max.,1000,20000000,974,5394,10000,45000,500000,121000
