Measure,Early.Phase.1,N.A,Phase.1,Phase.1.Phase.2,Phase.2,Phase.2.Phase.3,Phase.3,Phase.4
Min.,3,1,1,1,1,5,1,3
1st Qu.,16,50,24,30,48,122,156,58.5
Median,36,110,42,86,100,357,410,150
Mean,69.51724137931035,26974.997693194924,99.31210191082802,248.74100719424462,240.70056497175142,1755.7922077922078,3868.0543806646524,1556.1833333333334
3rd Qu.,100,357.5,72,200,200,709,1200,648.75
Max.,250,20000000,4644,6900,10000,46663,500000,80000
