Measure,Early.Phase.1,N.A,Phase.1,Phase.1.Phase.2,Phase.2,Phase.2.Phase.3,Phase.3,Phase.4
Min.,10,4,5,5,5,12,10,11
1st Qu.,10,40,20,20,60,104,240,90
Median,50,100,40,50,120,239,500,200
Mean,59,3059.109195402299,56.74074074074074,390.1290322580645,192.49019607843138,755.439024390244,1027.9484536082475,443.27027027027026
3rd Qu.,90,300,70,162,240,500,1200,500
Max.,150,394578,210,7600,2000,12000,10078,2414
