Measure,Early.Phase.1,N.A,Phase.1,Phase.1.Phase.2,Phase.2,Phase.2.Phase.3,Phase.3,Phase.4
Min.,10,4,5,5,5,12,1,10
1st Qu.,10,49.25,21.75,21,60,105,240,80
Median,60,100,40,50,120,335,462,200
Mean,62.72727272727273,5109.342342342342,307.06666666666666,165.23529411764707,211.77900552486187,867.6904761904761,972.697247706422,455.5121951219512
3rd Qu.,100,324.5,97.5,133,228,603.5,1170,602
Max.,150,506517,7600,1090,2900,12000,10078,2414
