Measure,Early.Phase.1,N.A,Phase.1,Phase.1.Phase.2,Phase.2,Phase.2.Phase.3,Phase.3,Phase.4
Min.,9,4,5,5,5,12,1,10
1st Qu.,10,50,28.5,30,50.5,120,240,86
Median,50,120,50,50,100,241,500,200
Mean,56.2,5262.228021978022,73.45454545454545,248.28125,218.55517241379312,1130.4268292682927,1469.4049079754602,735.5172413793103
3rd Qu.,97,352.5,100,165,200,487.5,1160,604.25
Max.,150,506517,420,2970,10000,29481,45000,16500
