Measure,Early.Phase.1,N.A,Phase.1,Phase.1.Phase.2,Phase.2,Phase.2.Phase.3,Phase.3,Phase.4
Min.,9,4,5,5,5,7,1,10
1st Qu.,10,41,24,30,51,120,200,79
Median,50,117,48,58,100,300,445,200
Mean,63.31578947368421,4439.945823927766,78.63636363636364,245.54430379746836,221.8192419825073,1181.2268041237114,2048.580808080808,541.40625
3rd Qu.,97,333.5,90,205,200,500,1090.5,616.5
Max.,250,506517,940,2970,10000,43998,60000,5200
