Measure,Early.Phase.1,N.A,Phase.1,Phase.1.Phase.2,Phase.2,Phase.2.Phase.3,Phase.3,Phase.4
Min.,9,4,5,5,5,12,1,10
1st Qu.,10,49,23.25,30,55.5,120,214,80
Median,40,124,48,50,100,285,500,204
Mean,52.94444444444444,4672.683574879227,83.07352941176471,248.72368421052633,225.72136222910217,1085.6022727272727,2072.6075268817203,798.828125
3rd Qu.,85.5,343,100,185,200,500,1180,663.25
Max.,150,506517,940,2970,10000,29481,60000,16500
