Measure,Early.Phase.1,N.A,Phase.1,Phase.1.Phase.2,Phase.2,Phase.2.Phase.3,Phase.3,Phase.4
Min.,9,4,5,5,5,12,1,10
1st Qu.,10,50,29.25,27,50,120,232,64
Median,60,100,45,47.5,106,275,450,145
Mean,61.76923076923077,5322.227272727273,790.5,247.37037037037038,228.04016064257027,847.9545454545455,934.231884057971,435.28
3rd Qu.,100,303.5,100,171.5,200,500,1100.25,575
Max.,150,506517,32000,2580,10000,15000,10078,3400
