Measure,Early.Phase.1,N.A,Phase.1,Phase.1.Phase.2,Phase.2,Phase.2.Phase.3,Phase.3,Phase.4
Min.,3,1,1,1,1,3,1,3
1st Qu.,16,50,24,30,48,120,142,53
Median,30,111,41.5,87,100,335,400,150
Mean,68.48275862068965,25631.678336980305,68.22289156626506,298.3082191780822,238.40366972477065,1696.4556962025317,3876.642228739003,1524.328
3rd Qu.,100,360,70,220.5,200,700,1200,648
Max.,250,20000000,974,6900,10000,43998,500000,80000
