Measure,Early.Phase.1,N.A,Phase.1,Phase.1.Phase.2,Phase.2,Phase.2.Phase.3,Phase.3,Phase.4
Min.,9,4,5,5,5,12,1,10
1st Qu.,10,48.75,28.5,27,50,110,222.5,70
Median,50,100,40,47.5,106,300,450,170
Mean,57.61538461538461,5473.049295774648,66.53846153846153,816.5185185185185,230.93723849372384,925.0508474576271,927.2537313432836,458.0425531914894
3rd Qu.,100,318.25,100,187.5,210,512,1032.5,601
Max.,150,506517,300,32000,10000,15000,10078,3400
