Measure,Early.Phase.1,N.A,Phase.1,Phase.1.Phase.2,Phase.2,Phase.2.Phase.3,Phase.3,Phase.4
Min.,3,1,5,1,1,5,1,3
1st Qu.,14.5,50,24,30,48,120,157.5,58.5
Median,33,120,43,80,100,315,456.5,150
Mean,70.78571428571429,4205.484771573604,71.13571428571429,233.90076335877862,238.6586345381526,1736.1642857142858,2515.68,1655.0982142857142
3rd Qu.,73,383.5,70,200,200,650.5,1253.5,663.25
Max.,280,506517,974,6900,10000,43998,45000,80000
