Measure,Early.Phase.1,Not.Applicable,Phase.1,Phase.1.Phase.2,Phase.2,Phase.2.Phase.3,Phase.3,Phase.4
Min.,3,1,1,1,1,3,1,1
1st Qu.,19,46,21,35.75,47.5,120,146,66
Median,33,101,40,90,100,310,400,200
Mean,99.5,36969.954180064306,63.734234234234236,271.18617021276594,240.2682563338301,2019.80310880829,4939.006896551724,2044.3258426966293
3rd Qu.,100,328.5,69.5,246.5,200,722,1240.5,633.75
Max.,1000,40000000,974,5394,10000,50000,500000,121000
