Measure,Early.Phase.1,N.A,Phase.1,Phase.1.Phase.2,Phase.2,Phase.2.Phase.3,Phase.3,Phase.4
Min.,9,4,5,5,5,12,1,10
1st Qu.,10,50,30,30,50,111,230,86
Median,55,118.5,50,50,100,239,500,200
Mean,58.07142857142857,5487.7614942528735,75.11538461538461,254.36065573770492,217.6421052631579,1157.9620253164558,1473.9006211180124,744.9122807017544
3rd Qu.,98.5,352.5,100,160,200,475,1120,605
Max.,150,506517,420,2970,10000,29481,45000,16500
