Measure,Early.Phase.1,N.A,Phase.1,Phase.1.Phase.2,Phase.2,Phase.2.Phase.3,Phase.3,Phase.4
Min.,9,2,5,5,5,5,1,10
1st Qu.,10,41.5,21.75,30,50.5,120,200,68
Median,55,111.5,45,60,100,300,450,200
Mean,63.15,4214.907725321888,77.41463414634147,243.2962962962963,222.65642458100558,1162.7878787878788,2036.8029556650247,572.2388059701492
3rd Qu.,95.5,332.25,90,210,200,477,1081,628
Max.,250,506517,940,2970,10000,43998,60000,5200
