Measure,Early.Phase.1,N.A,Phase.1,Phase.1.Phase.2,Phase.2,Phase.2.Phase.3,Phase.3,Phase.4
Min.,9,2,5,5,5,5,1,10
1st Qu.,10,41.5,20.75,30,50,120,200,60
Median,55,108,45.5,63,100,315,450,200
Mean,63.15,4145.9029535864975,76.30952380952381,241.5487804878049,218.80108991825614,1150.8461538461538,2218.3809523809523,557.1014492753624
3rd Qu.,95.5,329.5,90,207.5,200,506,1180,605
Max.,250,506517,940,2970,10000,43998,60000,5200
