Measure,Early.Phase.1,N.A,Phase.1,Phase.1.Phase.2,Phase.2,Phase.2.Phase.3,Phase.3,Phase.4
Min.,9,4,5,5,5,12,1,10
1st Qu.,10,49,23.5,24.5,50.5,120,232,83
Median,50,100,40,50,118,320,450,170
Mean,58.25,6186.82,59.42857142857143,367.9782608695652,198,931.0566037735849,939.2857142857143,389.48837209302326
3rd Qu.,100,346,95,187.5,219.25,524,1021,550
Max.,150,506517,168,7600,2900,12000,10078,2014
