Measure,Early.Phase.1,N.A,Phase.1,Phase.1.Phase.2,Phase.2,Phase.2.Phase.3,Phase.3,Phase.4
Min.,9,4,5,5,5,12,1,10
1st Qu.,10,50,29.25,27,50,120,220,83
Median,60,120,42.5,50,100,240,462,200
Mean,61.76923076923077,5717.105105105105,64.83333333333333,240.86206896551724,221.239852398524,1189.96,1512.6666666666667,751.0909090909091
3rd Qu.,100,350,100,171.5,200,475,1200,603.5
Max.,150,506517,300,2580,10000,29481,45000,16500
