Measure,Early.Phase.1,N.A,Phase.1,Phase.1.Phase.2,Phase.2,Phase.2.Phase.3,Phase.3,Phase.4
Min.,3,1,1,1,1,3,1,1
1st Qu.,20,48.5,23,37,48,120,146,60
Median,36,110,40,90,100,320,406,150
Mean,100,25405.712696941613,65.94818652849742,267.377245508982,236.62035541195476,1716.1693989071039,3777.6103896103896,2058.9607843137255
3rd Qu.,100,345,68,238.5,200,717,1121,602
Max.,1000,20000000,974,5394,10000,45000,500000,121000
