Measure,Early.Phase.1,N.A,Phase.1,Phase.1.Phase.2,Phase.2,Phase.2.Phase.3,Phase.3,Phase.4
Min.,9,2,5,1,1,5,1,10
1st Qu.,12.5,46.5,24,30,50,120,189.5,60
Median,55,120,45,60,100,310,456.5,178
Mean,69.86363636363636,4569.763940520446,76.31683168316832,251.21505376344086,221.99248120300751,1157.394495412844,2608.704347826087,1576.578947368421
3rd Qu.,98.5,343,90,210,200,500,1289.25,616.5
Max.,250,506517,940,2970,10000,43998,60000,80000
