Measure,Early.Phase.1,Not.Applicable,Phase.1,Phase.1.Phase.2,Phase.2,Phase.2.Phase.3,Phase.3,Phase.4
Min.,3,1,1,1,1,3,1,1
1st Qu.,19,46,21,31,45.75,120,146,63
Median,33,104,40,80,100,310,420,200
Mean,99.5,4947.679370339685,64.07870370370371,265.90055248618785,241.5762195121951,2028.6528497409327,4874.605700712589,2065.56
3rd Qu.,100,330,70,200,201,712,1200,595.5
Max.,1000,1241810,974,5394,10000,45000,500000,121000
