Measure,Early.Phase.1,N.A,Phase.1,Phase.1.Phase.2,Phase.2,Phase.2.Phase.3,Phase.3,Phase.4
Min.,10,4,5,5,5,12,10,10
1st Qu.,10,41,21.75,20,60,120,240,75
Median,60,100,40,50,120,335,462,175
Mean,62.72727272727273,5676.8578680203045,307.06666666666666,168.24242424242425,217.37125748502993,818.8809523809524,993.1941747572815,449.4
3rd Qu.,100,314,97.5,144,229,518,1185,525.5
Max.,150,506517,7600,1090,2900,12000,10078,2414
