Measure,Early.Phase.1,N.A,Phase.1,Phase.1.Phase.2,Phase.2,Phase.2.Phase.3,Phase.3,Phase.4
Min.,3,1,1,1,1,3,1,1
1st Qu.,18,50,24,30.25,48,120,150,53
Median,36,115,40,87,100,325,425.5,150
Mean,99.54838709677419,28425.17750257998,70.01714285714286,296.82191780821915,235.4622144112478,1641.4819277108434,4035.377840909091,1447.984962406015
3rd Qu.,100,368,71,220.5,200,695.5,1120.25,615
Max.,1000,20000000,974,6900,10000,43998,500000,80000
