Measure,Early.Phase.1,N.A,Phase.1,Phase.1.Phase.2,Phase.2,Phase.2.Phase.3,Phase.3,Phase.4
Min.,9,2,5,5,5,5,1,10
1st Qu.,10,45,20,30,50,120,200,60
Median,55,108,44.5,60,100,320,450,193
Mean,63.15,3992.186612576065,74.13953488372093,249.43373493975903,216.85294117647058,1143.5428571428572,2227.1767441860466,550.7714285714286
3rd Qu.,95.5,309,86.75,217,200,500,1200,604.25
Max.,250,506517,940,2970,10000,43998,60000,5200
