Measure,Early.Phase.1,N.A,Phase.1,Phase.1.Phase.2,Phase.2,Phase.2.Phase.3,Phase.3,Phase.4
Min.,10,4,5,9,5,12,10,11
1st Qu.,10,49.5,20,20,60,108,245,83
Median,10,120,40,72,145,269.5,500,200
Mean,31.428571428571427,4159.513513513513,56,507.0869565217391,202.75925925925927,464.3235294117647,1027.8108108108108,470.25925925925924
3rd Qu.,40,330,54,190,273.75,433.5,1215,450
Max.,100,394578,210,7600,1000,4000,6000,2414
