Measure,Early.Phase.1,N.A,Phase.1,Phase.1.Phase.2,Phase.2,Phase.2.Phase.3,Phase.3,Phase.4
Min.,10,4,5,5,5,12,1,10
1st Qu.,10,50,21.75,25,57,105,240,81.5
Median,60,100,40,50,120,325,450,185
Mean,62.72727272727273,6666.818181818182,307.06666666666666,157.66666666666666,209.3979057591623,813.1086956521739,960.542372881356,440.5
3rd Qu.,100,339.5,97.5,122,225.5,518,1050.75,576.5
Max.,150,506517,7600,1090,2900,12000,10078,2414
