Measure,Early.Phase.1,N.A,Phase.1,Phase.1.Phase.2,Phase.2,Phase.2.Phase.3,Phase.3,Phase.4
Min.,9,2,5,1,1,5,1,10
1st Qu.,15,48.5,24,30,50,120,171,55.5
Median,60,108,40.5,72,100,300,479.5,145
Mean,75.69565217391305,4018.5630114566284,70.30701754385964,261.3883495145631,235.77188940092165,1363.896,2744.9848484848485,1569.841463414634
3rd Qu.,97,331.5,69.5,200,200,573,1324.75,638.75
Max.,280,506517,974,6900,10000,36500,60000,80000
