Measure,Early.Phase.1,N.A,Phase.1,Phase.1.Phase.2,Phase.2,Phase.2.Phase.3,Phase.3,Phase.4
Min.,9,4,5,5,5,7,1,10
1st Qu.,10,45,24,30,51,106.5,200,79
Median,50,120,46.5,50,100,256.5,450,200
Mean,63.31578947368421,4527.844907407408,79.89189189189189,248,221.95820895522388,1191.5,1986.541237113402,541.40625
3rd Qu.,97,337,90,200,200,500,1090.5,616.5
Max.,250,506517,940,2970,10000,43998,60000,5200
