Measure,Early.Phase.1,N.A,Phase.1,Phase.1.Phase.2,Phase.2,Phase.2.Phase.3,Phase.3,Phase.4
Min.,3,2,5,1,1,5,1,3
1st Qu.,10,49,24,30,48,120,167,57
Median,40,120,40,76,100,310,500,150
Mean,70,3613.13,70.96031746031746,241.9406779661017,234.28846153846155,1764.5864661654136,2538.463768115942,1697.2736842105264
3rd Qu.,94,352.5,70,195,200,573,1296,601
Max.,280,506517,974,6900,10000,43998,45000,80000
