Measure,Early.Phase.1,N.A,Phase.1,Phase.1.Phase.2,Phase.2,Phase.2.Phase.3,Phase.3,Phase.4
Min.,9,2,5,5,1,5,1,10
1st Qu.,10,48.5,22.5,30,50,120,200,60
Median,60,115,45,66.5,100,315,450.5,200
Mean,72.04761904761905,3836.7805825242717,74.50526315789473,264.85227272727275,221.59383033419024,1181.2830188679245,2394.0318181818184,1660.4583333333333
3rd Qu.,100,321.5,84.5,247,200,500,1205,663.25
Max.,250,506517,940,2970,10000,43998,60000,80000
