Measure,Early.Phase.1,N.A,Phase.1,Phase.1.Phase.2,Phase.2,Phase.2.Phase.3,Phase.3,Phase.4
Min.,10,4,5,5,5,12,1,10
1st Qu.,10,49.5,27,25.5,50,100,239,84.5
Median,60,100,40,50,116,300,450,185
Mean,62.72727272727273,6357.259259259259,290,211.4318181818182,201.14492753623188,774.7551020408164,958.8130081300814,436.3863636363636
3rd Qu.,100,346,100,182.5,213.5,500,1044.5,600.5
Max.,150,506517,7600,1860,2900,12000,10078,2414
